Company,Role,Location,Link
Unknown Company,🚀 Forward Deployed Engineer,Unknown Location,https://www.workatastartup.com/jobs/82767
Unknown Company,🚀 Full-Stack Engineer,Unknown Location,https://www.workatastartup.com/jobs/82768
Unknown Company,"Vision Sales Engineer (Atlanta, GA or Charlotte, NC) - Field-based (Travel locally for 60 to 80%)",Unknown Location,https://www.workatastartup.com/jobs/88379
Unknown Company,Senior Full Stack Engineer 全端工程師,Unknown Location,https://www.workatastartup.com/jobs/88375
Unknown Company,Support Engineering Lead,Unknown Location,https://www.workatastartup.com/jobs/88680
Unknown Company,Senior Forward Deployed Engineer,Unknown Location,https://www.workatastartup.com/jobs/80187
Jobs by Role,Software Engineer Jobs,Unknown Location,https://www.workatastartup.com/jobs/l/software-engineer
Jobs by Location,Software Engineer Jobs in San Francisco,Unknown Location,https://www.workatastartup.com/jobs/san-francisco/software-engineer
Jobs by Location,Software Engineer Jobs in New York,Unknown Location,https://www.workatastartup.com/jobs/new-york/software-engineer
Jobs by Location,Software Engineer Jobs in Los Angeles,Unknown Location,https://www.workatastartup.com/jobs/los-angeles/software-engineer
Remote Jobs,Remote Software Engineer Jobs,Unknown Location,https://www.workatastartup.com/jobs/r/software-engineer
